{
  "Version": "1.0",
  "Parameters": {
    "RuleName": "IAM_USER_USED_LAST_90_DAYS",
    "SourceRuntime": "python3.6",
    "CodeKey": "IAM_USER_USED_LAST_90_DAYS.zip",
    "InputParameters": "{}",
    "OptionalParameters": "{\"WhitelistedUserList\": \"\", \"NotUsedTimeOutInDays\": \"\", \"NewUserCooldownInDays\": \"\"}",
    "SourceEvents": "AWS::IAM::User",
    "SourcePeriodic": "TwentyFour_Hours",
    "RuleSets": [
      "baseline",
      "rulecriticity:high",
      "pci",
      "pci:8.1",
      "iam"
    ]
  }
}